sku,Товар,Цена Kaspi,Продавать
0339200200,"Кровать Garda NEW-1 Fortis 910 2,00*2,00",294300,да
0357090200,"Кровать Garda NEW - Velutto 08 0,90*2,00",213300,да
0357120200,"Кровать Garda NEW - Velutto 08 1,20*2,00",248850,да
0357200200,"Кровать Garda NEW - Velutto 08 2,00*2,00",294300,да
0357180200,"Кровать Garda NEW - Velutto 08 1,80*2,00",268200,да
0357140200,"Кровать Garda NEW - Velutto 08 1,40*2,00",257850,да
0357160200,"Кровать Garda NEW - Velutto 08 1,60*2,00",263610,да
0360090200,"Кровать Garda NEW Fortis 910 0,90*2,00",213300,да
0360120200,"Кровать Garda NEW Fortis 910 1,20*2,00",248850,да
0360160200,"Кровать Garda NEW Fortis 910 1,60*2,00",263610,да
0360180200,"Кровать Garda NEW Fortis 910 1,80*2,00",268200,да
0360140200,"Кровать Garda NEW Fortis 910 1,40*2,00",257850,да
0362180200,"Кровать Garda NEW-1 Fortis 960 1,80*2,00",268200,да
0362200200,"Кровать Garda NEW-1 Fortis 960 2,00*2,00",294300,да
0363200200,"Кровать Garda NEW-1 Fortis 230 2,00*2,00",294300,да
03894565,Подушка ПСС2 (45*65) 45*65,15700,да
03904565,Подушка ПСС7 (45*65) С 45*65,16000,да
03915070,Подушка ПСС3 (50*70) 50*70,14500,да
0416090200,"Кровать кованая (Уценка) 0,90*2,00",75000,да
0416120200,"Кровать кованая (Уценка) 1,20*2,00",80000,да
0422160200,"Кровать MILENA (велюр Брабус 15/) 1,60*2,00",423000,да
0422180200,"Кровать MILENA (велюр Брабус 15/) 1,80*2,00",463500,да
0423160200,"Кровать MILENA (велюр Брабус 16/) 1,60*2,00",423000,да
0427160200,"Кровать NICOLE (велюр Брабус 15) 1,60*2,00",379800,да
0427180200,"Кровать NICOLE (велюр Брабус 15) 1,80*2,00",390600,да
0428160200,"Кровать NICOLE (велюр Брабус 2) 1,60*2,00",379800,да
0429160200,"Кровать NICOLE (велюр Брабус 3) 1,60*2,00",379800,да
0429180200,"Кровать NICOLE (велюр Брабус 3) 1,80*2,00",390600,да
0479200140,"Диван Модель 101, УД МК, бежевый (Maxx 100) 2,00*1,40",400500,да
0499090200,"Наматрасник ""Ультрастеп ВАУ"" серый 0,90*2,00",18700,да
0499180200,"Наматрасник ""Ультрастеп ВАУ"" серый 1,80*2,00",23800,да
0499200200,"Наматрасник ""Ультрастеп ВАУ"" серый 2,00*2,00",25300,да
0503160200,"Кровать Venera СТМ (Тедди (кремовый) 1,60*2,00",302400,да
0503180200,"Кровать Venera СТМ (Тедди (кремовый) 1,80*2,00",311400,да
0514090200,"Матрас ортопедический ""ДЕТСКИЙ МОНО (ОБЛАКА)"" 0,90*2,00",86700,да
0514090190,"Матрас ортопедический ""ДЕТСКИЙ МОНО (ОБЛАКА)"" 0,90*1,90",86700,да
0560180200,"Матрас ортопедический ""НАНОТЕКС ЛЮКС"" (жесткий-жесткий №2) 1,80*2,00",224100,да
0560120200,"Матрас ортопедический ""НАНОТЕКС ЛЮКС"" (жесткий-жесткий №2) 1,20*2,00",166500,да
0574090200,"Матрас ортопедический ""ДЕТСКИЙ МОНО (ПАЛИТРА)"" 0,90*2,00",86700,да
0574090190,"Матрас ортопедический ""ДЕТСКИЙ МОНО (ПАЛИТРА)"" 0,90*1,90",86700,да
0585090200,"Кровать MOLLY ( Велютто 16) 0,90*2,00",266850,да
0586090200,"Кровать MOLLY ( Велютто 52) 0,90*2,00",266850,да
0633160200,"Матрас ортопедический ""GELIODOR"" (средне-жесткий) 1,60*2,00",175500,да
06716040,"Подушка ""EVER WAVE "" L 60-40-12 (серая) 60*40",19300,да
0673140200,"Матрас ортопедический ""МУЛЬТИ NEW"" (средне-жесткий/средне-мягкий) (Bianco multi -2) 1,40*2,00",170100,да
0673120200,"Матрас ортопедический ""МУЛЬТИ NEW"" (средне-жесткий/средне-мягкий) (Bianco multi -2) 1,20*2,00",151400,да
0673160200,"Матрас ортопедический ""МУЛЬТИ NEW"" (средне-жесткий/средне-мягкий) (Bianco multi -2) 1,60*2,00",187900,да
0677090200,"Наматрасник ""Стеганый ВАУ!"" 0,90*2,00",15600,да
0685120200,"Кровать Victori Velutto 08 1,20*2,00",248850,да
0686090200,"Кровать Victori Velutto 12 0,90*2,00",213300,да
0686120200,"Кровать Victori Velutto 12 1,20*2,00",248850,да
0686140200,"Кровать Victori Velutto 12 1,40*2,00",257850,да
0686160200,"Кровать Victori Velutto 12 1,60*2,00",263610,да
0686180200,"Кровать Victori Velutto 12 1,80*2,00",268200,да
0691160200,"Кровать FRIDA (велюр Брабус 01) 1,60*2,00",396900,да
0691180200,"Кровать FRIDA (велюр Брабус 01) 1,80*2,00",417600,да
0693090200,"Матрас ортопедический ""НАДЁЖНЫЙ ЛЮКС PRO COFFE"" (cредне-жесткий/cредне-мягкий) 0,90*2,00",146700,да
0693120200,"Матрас ортопедический ""НАДЁЖНЫЙ ЛЮКС PRO COFFE"" (cредне-жесткий/cредне-мягкий) 1,20*2,00",177300,да
0694090200,"Кровать Victori Velutto 01 0,90*2,00",213300,да
0694120200,"Кровать Victori Velutto 01 1,20*2,00",248850,да
0694140200,"Кровать Victori Velutto 01 1,40*2,00",257850,да
0694160200,"Кровать Victori Velutto 01 1,60*2,00",263610,да
0694180200,"Кровать Victori Velutto 01 1,80*2,00",268200,да
0696120200,"Матрас ортопедический ""НАДЁЖНЫЙ ЛЮКС PRO GRAY"" (средне-жесткий/жесткий) 1,20*2,00",177300,да
0707160200,"Кровать MILENA (велюр Брабус 01) 1,60*2,00",423000,да
0709200200,"Матрас ортопедический ""НАДЁЖНЫЙ ЛЮКС NEW "" (сталь, средне-жесткий/средне-жесткий) 2,00*2,00",203600,да
0709090200,"Матрас ортопедический ""НАДЁЖНЫЙ ЛЮКС NEW "" (сталь, средне-жесткий/средне-жесткий) 0,90*2,00",117600,да
0709180200,"Матрас ортопедический ""НАДЁЖНЫЙ ЛЮКС NEW "" (сталь, средне-жесткий/средне-жесткий) 1,80*2,00",187900,да
0709140200,"Матрас ортопедический ""НАДЁЖНЫЙ ЛЮКС NEW "" (сталь, средне-жесткий/средне-жесткий) 1,40*2,00",156600,да
0709120200,"Матрас ортопедический ""НАДЁЖНЫЙ ЛЮКС NEW "" (сталь, средне-жесткий/средне-жесткий) 1,20*2,00",140200,да
0709160200,"Матрас ортопедический ""НАДЁЖНЫЙ ЛЮКС NEW "" (сталь, средне-жесткий/средне-жесткий) 1,60*2,00",172300,да
0728180200,"Кровать Виола (Багама (льняной)) 1,80*2,00",243000,да
0761200140,"Диван Модель 146, УДД, светло-серый (Velutto 52) 2,00*1,40",504000,да
0881180200,"Матрас ортопедический ""КАРБОН PLUS ПРЕМИУМ VERDA"" 1,80*2,00",325900,да
0918160200,"Кровать BIANCA (велюр Оникс 01/венге) 1,60*2,00",330000,да
0918180200,"Кровать BIANCA (велюр Оникс 01/венге) 1,80*2,00",337500,да
0919160200,"Кровать BIANCA (велюр Оникс 09/венге) 1,60*2,00",330300,да
0919180200,"Кровать BIANCA (велюр Оникс 09/венге) 1,80*2,00",337500,да
0962090200,"Кровать Victori Velutto 17 0,90*2,00",213300,да
0962140200,"Кровать Victori Velutto 17 1,40*2,00",257850,да
0962160200,"Кровать Victori Velutto 17 1,60*2,00",263610,да
0962180200,"Кровать Victori Velutto 17 1,80*2,00",268200,да
09935070,Подушка Memory soft серая 50х70 S 50*70,13400,да
0996200080,"Кресло SCANDICA Джон 117 (аквамарин 1102 (Balance 677)) 2,00*0,80",67200,да
0999090200,"Кровать Emily (Велутто (бежевый)) 0,90*2,00",270000,да
1013140200,"Кровать Ария (Рогожка (песочный)) 1,40*2,00",135000,да
1019090200,"Кровать Ария (Рогожка (розовый) 0,90*2,00",117000,да
1020180200,"Кровать Агата Ткань Danco 995 1,80*2,00",295200,да
1021180200,"Кровать Агата Ткань Danco 000 1,80*2,00",295200,да
1048180200,"Кровать Jenifer (велюр Небби 300/венге) 1,80*2,00",441900,да
1049160200,"Кровать MILENA (велюр Брабус 07) 1,60*2,00",423000,да
1049180200,"Кровать MILENA (велюр Брабус 07) 1,80*2,00",463500,да
1065160200,"Кровать TIFFANY 1 FEET (велюр Оникс 04) 1,60*2,00",300300,да
1065180200,"Кровать TIFFANY 1 FEET (велюр Оникс 04) 1,80*2,00",316800,да
1066180200,"Кровать TIFFANY 1 AIR (велюр Оникс 04) 1,80*2,00",243000,да
1067160200,"Кровать TIFFANY 1 AIR (велюр Оникс 09) 1,60*2,00",238500,да
1067180200,"Кровать TIFFANY 1 AIR (велюр Оникс 09) 1,80*2,00",243000,да
1069160200,"Кровать TIFFANY 2 AIR (велюр Оникс 04 ) 1,60*2,00",238500,да
1069180200,"Кровать TIFFANY 2 AIR (велюр Оникс 04 ) 1,80*2,00",243000,да
1070180200,"Кровать TIFFANY 2 AIR (велюр Оникс 09 ) 1,80*2,00",243000,да
1072160200,"Кровать Marinella СТМ (Тедди пепельный) 1,60*2,00",324000,да
1072180200,"Кровать Marinella СТМ (Тедди пепельный) 1,80*2,00",334000,да
1094160200,"Кровать MILENA (велюр Брабус 02) 1,60*2,00",423000,да
1097160200,"Кровать OLIVIA 2 (велюр Грэин 900/венге) 1,60*2,00",330300,да
1112180200,"Кровать BIANCA (велюр Оникс 04/венге) 1,80*2,00",337500,да
1117090200,"Кровать OLIVIA TWIN (велюр Грэин 900/венге) 0,90*2,00",277200,да
1205120200,"Кровать OLIVIA (велюр Грэин 900/венге) 1,20*2,00",312750,да
1205140200,"Кровать OLIVIA (велюр Грэин 900/венге) 1,40*2,00",321300,да
1205160200,"Кровать OLIVIA (велюр Грэин 900/венге) 1,60*2,00",330300,да
1205180200,"Кровать OLIVIA (велюр Грэин 900/венге) 1,80*2,00",342000,да
1205200200,"Кровать OLIVIA (велюр Грэин 900/венге) 2,00*2,00",356850,да
1282200200,"Кровать OLIVIA 2 (велюр Грэин 190/венге) 2,00*2,00",356850,да
1283160200,"Кровать OLIVIA (велюр Грэин 190/венге) 1,60*2,00",330300,да
1283180200,"Кровать OLIVIA (велюр Грэин 190/венге) 1,80*2,00",342000,да
1285180200,"Матрас ортопедический ""ATLAS blue"" (жесткий) 1,80*2,00",225700,да
1285160200,"Матрас ортопедический ""ATLAS blue"" (жесткий) 1,60*2,00",205800,да
1286200200,"Матрас ортопедический ""ATLAS coffe"" (жесткий) 2,00*2,00",232100,да
1286180200,"Матрас ортопедический ""ATLAS coffe"" (жесткий) 1,80*2,00",213600,да
1287090200,"Наматрасник непромокаемый AQUAPROTECT 0,90*2,00",18200,да
1296120200,"Кровать LEO Velutto 08 1,20*2,00",239400,да
1296140200,"Кровать LEO Velutto 08 1,40*2,00",244350,да
1296160200,"Кровать LEO Velutto 08 1,60*2,00",249300,да
1296180200,"Кровать LEO Velutto 08 1,80*2,00",255600,да
1297160200,"Кровать LEO Velutto 12 1,60*2,00",249300,да
1297180200,"Кровать LEO Velutto 12 1,80*2,00",255600,да
1298140200,"Кровать ЭРНИ Fortis 910 1,40*2,00",288000,да
1298160200,"Кровать ЭРНИ Fortis 910 1,60*2,00",294300,да
1298180200,"Кровать ЭРНИ Fortis 910 1,80*2,00",303750,да
1299140200,"Кровать ЭРНИ Fortis 960 1,40*2,00",288000,да
1299160200,"Кровать ЭРНИ Fortis 960 1,60*2,00",294300,да
1299180200,"Кровать ЭРНИ Fortis 960 1,80*2,00",303750,да
1329090200,"Матрас ортопедический ""LUNO"" 0,90*2,00",75000,да
1329180200,"Матрас ортопедический ""LUNO"" 1,80*2,00",109800,да
1329140200,"Матрас ортопедический ""LUNO"" 1,40*2,00",93500,да
1329120200,"Матрас ортопедический ""LUNO"" 1,20*2,00",85700,да
1329160200,"Матрас ортопедический ""LUNO"" 1,60*2,00",102000,да
1330090200,"Матрас ортопедический ""VELARIS"" 0,90*2,00",79400,да
1330180200,"Матрас ортопедический ""VELARIS"" 1,80*2,00",117500,да
1330140200,"Матрас ортопедический ""VELARIS"" 1,40*2,00",99900,да
1330120200,"Матрас ортопедический ""VELARIS"" 1,20*2,00",91200,да
1330160200,"Матрас ортопедический ""VELARIS"" 1,60*2,00",108800,да
1333090200,"Кровать Агата Ткань Umbra 110 0,90*2,00",240300,да
1333120200,"Кровать Агата Ткань Umbra 110 1,20*2,00",262800,да
1333140200,"Кровать Агата Ткань Umbra 110 1,40*2,00",285300,да
1333160200,"Кровать Агата Ткань Umbra 110 1,60*2,00",291600,да
1333180200,"Кровать Агата Ткань Umbra 110 1,80*2,00",300600,да
1334090200,"Кровать Агата Ткань Umbra 900 0,90*2,00",240300,да
1334120200,"Кровать Агата Ткань Umbra 900 1,20*2,00",262800,да
1334140200,"Кровать Агата Ткань Umbra 900 1,40*2,00",285300,да
1334160200,"Кровать Агата Ткань Umbra 900 1,60*2,00",291600,да
1334180200,"Кровать Агата Ткань Umbra 900 1,80*2,00",300600,да
1336200200,"Матрас ортопедический ""SULTAN MINI"" 2,00*2,00",210100,да
1336180200,"Матрас ортопедический ""SULTAN MINI"" 1,80*2,00",188800,да
1336160200,"Матрас ортопедический ""SULTAN MINI"" 1,60*2,00",181200,да
1340090200,"Матрас ортопедический ""VELARIS GOLD"" 0,90*2,00",80600,да
1340140200,"Матрас ортопедический ""VELARIS GOLD"" 1,40*2,00",101600,да
1340160200,"Матрас ортопедический ""VELARIS GOLD"" 1,60*2,00",111000,да
1343090200,"Кровать OLIVIA TWIN (80) (велюр Грэин 190/венге) 0,90*2,00",277200,да
1344090200,"Кровать OLIVIA TWIN (80) (велюр Грэин 900/венге) 0,90*2,00",277200,да
1351120200,"Кровать ГАРДА (тканьFortis 910) 1,20*2,00",248850,да
1351140200,"Кровать ГАРДА (тканьFortis 910) 1,40*2,00",257850,да
1351160200,"Кровать ГАРДА (тканьFortis 910) 1,60*2,00",263610,да
1351180200,"Кровать ГАРДА (тканьFortis 910) 1,80*2,00",268200,да
1352160200,"Кровать ЭРНИ Fortis 412 1,60*2,00",294300,да
1352180200,"Кровать ЭРНИ Fortis 412 1,80*2,00",303750,да
1353090200,"Кровать Emily (Тедди (пепельный)) 0,90*2,00",279000,да
1353120200,"Кровать Emily (Тедди (пепельный)) 1,20*2,00",295000,да
1354090200,"Кровать Emily (Тедди (розовый)) 0,90*2,00",279000,да
1354120200,"Кровать Emily (Тедди (розовый)) 1,20*2,00",295000,да
1355090200,"Кровать Emily (Тедди (песочный)) 0,90*2,00",279000,да
1355120200,"Кровать Emily (Тедди (песочный)) 1,20*2,00",295000,да
1357090200,"Матрас ортопедический ""SILVER"" 0,90*2,00",78900,да
1357180200,"Матрас ортопедический ""SILVER"" 1,80*2,00",117600,да
1357120200,"Матрас ортопедический ""SILVER"" 1,20*2,00",90900,да
1357160200,"Матрас ортопедический ""SILVER"" 1,60*2,00",108900,да
1358120200,"Кровать Dacota 1.0 VELUTTO 08 1,20*2,00",222000,да
1358140200,"Кровать Dacota 1.0 VELUTTO 08 1,40*2,00",224000,да
1358160200,"Кровать Dacota 1.0 VELUTTO 08 1,60*2,00",227000,да
1358180200,"Кровать Dacota 1.0 VELUTTO 08 1,80*2,00",230000,да
1359120200,"Кровать Dacota 1.0 VELUTTO 12 1,20*2,00",222000,да
1359140200,"Кровать Dacota 1.0 VELUTTO 12 1,40*2,00",224000,да
1359160200,"Кровать Dacota 1.0 VELUTTO 12 1,60*2,00",227000,да
1359180200,"Кровать Dacota 1.0 VELUTTO 12 1,80*2,00",230000,да
1360090200,"Кровать Агата Ткань Umbra 690 0,90*2,00",240300,да
1360120200,"Кровать Агата Ткань Umbra 690 1,20*2,00",262800,да
1360140200,"Кровать Агата Ткань Umbra 690 1,40*2,00",288000,да
1360180200,"Кровать Агата Ткань Umbra 690 1,80*2,00",300600,да
1361090200,"Кровать Металлическая серая с чехлом на изголовье Ultra (sand) 0,90*2,00",120000,да
1361120200,"Кровать Металлическая серая с чехлом на изголовье Ultra (sand) 1,20*2,00",120000,да
1361140200,"Кровать Металлическая серая с чехлом на изголовье Ultra (sand) 1,40*2,00",120000,да
1361160200,"Кровать Металлическая серая с чехлом на изголовье Ultra (sand) 1,60*2,00",120000,да
1362090200,"Кровать Металлическая черная с чехлом на изголовье Ultra (grey) 0,90*2,00",120000,да
1362120200,"Кровать Металлическая черная с чехлом на изголовье Ultra (grey) 1,20*2,00",120000,да
1362140200,"Кровать Металлическая черная с чехлом на изголовье Ultra (grey) 1,40*2,00",120000,да
1362160200,"Кровать Металлическая черная с чехлом на изголовье Ultra (grey) 1,60*2,00",120000,да
1363120200,"Матрас ортопедический ""БАМБУК ЛЮКС"" (жесткий/жесткий) (Bianco 2) NEW 1,20*2,00",151000,да
1363160200,"Матрас ортопедический ""БАМБУК ЛЮКС"" (жесткий/жесткий) (Bianco 2) NEW 1,60*2,00",185000,да
1376160200,"Матрас ортопедический ""МУЛЬТИ COOLING"" (средне-жесткий/средне-мягкий) (Bianco multi -2) 1,60*2,00",218700,да
1380180200,"Матрас ортопедический ""ОРГАНИК EVS 500 ROLL"" (средне-жесткий ) 1,80*2,00",151300,да
1380160200,"Матрас ортопедический ""ОРГАНИК EVS 500 ROLL"" (средне-жесткий ) 1,60*2,00",139700,да
00116040,"Подушка ""MEMORY FOAM BLACK"" 60*40",12500,да
00155070,"Подушка ""RIO GOLD"" hs 002 50*70",5000,да
00175070,"Подушка ""RIO GREY"" hs 003 50*70",5000,да
00225070,Подушка ВАУ! микрофибра 50*70 50*70,9000,да
00255070,Подушка Memory soft 50*70 М 50*70,16700,да
00294868,"Подушка с кантом ""ТИК/БАМБУК"" 48*68",16500,да
00304868,"Подушка с кантом ""ТИК/ЛЕБЯЖИЙ ПУХ"" 48*68",15500,да
00326040,Подушка NuovoSleep Basic S 60*40,18000,да
00336040,Подушка NuovoSleep Basic М 60*40,19000,да
00375030,Подушка RixesBaby Junior 50*30,17700,да
00676040,"Подушка ""EVER CLASSIC"" XL 60-40-17 60*40",25000,да
00696141,"Подушка ""EVER GRACE GEL""l 41-61-13 61*41",26500,да
00716040,"Подушка ""EVER WAVE GEL"" M 36-62-11 60*40",26300,да
00713662,"Подушка ""EVER WAVE GEL"" M 36-62-11 36*62",24300,да
00726040,"Подушка ""EVER WAVE "" L 40-60-12 60*40",25400,да
0076180200,"Простыня натяжная Stretch Jersy на резинке цвет ГРАФИТ 1,80*2,00",12200,да
0076200200,"Простыня натяжная Stretch Jersy на резинке цвет ГРАФИТ 2,00*2,00",13000,да
0078160200,"Простыня натяжная Stretch Jersy на резинке цвет МОЛОЧНЫЙ 1,60*2,00",11600,да
0078200200,"Простыня натяжная Stretch Jersy на резинке цвет МОЛОЧНЫЙ 2,00*2,00",13000,да
0079180200,"Топпер Bamboo 1,80*2,00",37400,да
0081180200,"Топпер (Bed Story) F 2308093 1,80*2,00",69600,да
0082160200,"Топпер (Bed Story) F 2308091 1,60*2,00",46400,да
0082180200,"Топпер (Bed Story) F 2308091 1,80*2,00",51400,да
0083180200,"Топпер (Bed Story) 7.5 1,80*2,00",67000,да
0086090200,"Наматрасник ""ультрастеп ВАУ!"" 0,90*2,00",18500,да
0086160200,"Наматрасник ""ультрастеп ВАУ!"" 1,60*2,00",22400,да
0086200200,"Наматрасник ""ультрастеп ВАУ!"" 2,00*2,00",24900,да
0089140200,"Наматрасник водонепроницаемый ""Трикотаж Ринг"" (Голдтекс) 1,40*2,00",16300,да
0093090200,"Наматрасник непромокаемый ""ТРИКОТАЖ"" 0,90*2,00",18200,да
0093120200,"Наматрасник непромокаемый ""ТРИКОТАЖ"" 1,20*2,00",19700,да
0093140200,"Наматрасник непромокаемый ""ТРИКОТАЖ"" 1,40*2,00",20700,да
0093160200,"Наматрасник непромокаемый ""ТРИКОТАЖ"" 1,60*2,00",21700,да
0093200200,"Наматрасник непромокаемый ""ТРИКОТАЖ"" 2,00*2,00",23700,да
0094140200,"Наматрасник непромокаемый ""БАМБУК"" (Голдтекс) 1,40*2,00",19500,да
0094200200,"Наматрасник непромокаемый ""БАМБУК"" (Голдтекс) 2,00*2,00",24200,да
0106090200,"Кровать Garda NEW Fortis 230 0,90*2,00",213300,да
0106120200,"Кровать Garda NEW Fortis 230 1,20*2,00",248850,да
0106140200,"Кровать Garda NEW Fortis 230 1,40*2,00",257850,да
0106160200,"Кровать Garda NEW Fortis 230 1,60*2,00",263610,да
0106180200,"Кровать Garda NEW Fortis 230 1,80*2,00",268200,да
0107090200,"Кровать Garda NEW Fortis 960 0,90*2,00",213300,да
0107120200,"Кровать Garda NEW Fortis 960 1,20*2,00",248850,да
0107180200,"Кровать Garda NEW Fortis 960 1,80*2,00",268200,да
0107160200,"Кровать Garda NEW Fortis 960 1,60*2,00",263610,да
0107140200,"Кровать Garda NEW Fortis 960 1,40*2,00",257850,да
0109180200,"Кровать Garda Velutto 08 Серо-бежевый (Велюр Velutto 08, основание стандарт разборное) 1,80*2,00",268200,да
0150180200,"Кровать Venera СТМ (Тедди (кремовый) 1,8 1,80*2,00",311400,да
0151160200,"Кровать Venera СТМ (Тедди (пепельный) 1,60*2,00",302400,да
0151180200,"Кровать Venera СТМ (Тедди (пепельный) 1,80*2,00",311400,да
0152160200,"Кровать Venera СТМ (Тедди (песочный) 1,60*2,00",302400,да
0152180200,"Кровать Venera СТМ (Тедди (песочный) 1,80*2,00",311400,да
0160160200,"Кровать Venera СТМ (Микровелюр (светло-серый) 1,60*2,00",302400,да
0160180200,"Кровать Venera СТМ (Микровелюр (светло-серый) 1,80*2,00",311400,да
0166160200,"Кровать Paradise СТМ (Микровелюр (бежевый) 1,60*2,00",297000,да
0166180200,"Кровать Paradise СТМ (Микровелюр (бежевый) 1,80*2,00",316000,да
0167160200,"Кровать Paradise СТМ (Микровелюр (светло-серый) 1,60*2,00",297000,да
0167180200,"Кровать Paradise СТМ (Микровелюр (светло-серый) 1,80*2,00",316000,да
0170160200,"Кровать Paradise СТМ (Рогожка льняной) 1,60*2,00",297000,да
0170180200,"Кровать Paradise СТМ (Рогожка льняной) 1,80*2,00",316000,да
0173160200,"Кровать Marinella СТМ (Тедди Бежевый) 1,60*2,00",324000,да
0173180200,"Кровать Marinella СТМ (Тедди Бежевый) 1,80*2,00",334000,да
0174160200,"Кровать Marinella СТМ (Тедди белый) 1,60*2,00",324000,да
0174180200,"Кровать Marinella СТМ (Тедди белый) 1,80*2,00",334000,да
0174200200,"Кровать Marinella СТМ (Тедди белый) 2,00*2,00",342000,да
0183160200,"Кровать Vesta (Luma 13 ) основание стандарт неразоброное 1,60*2,00",252900,да
0238090200,"Кровать Марио (one box one bed) 0,90*2,00",126300,да
0238140200,"Кровать Марио (one box one bed) 1,40*2,00",140500,да
0238160200,"Кровать Марио (one box one bed) 1,60*2,00",145400,да
0239090200,"Кровать кованая ""АЗАЛИЯ"" (дерево/орех/M) (FD 850) 0,90*2,00",120900,да
0240090200,"Кровать кованая ""АЗАЛИЯ"" (дерево/ белый/M) (FD 850) 0,90*2,00",131900,да
0240120200,"Кровать кованая ""АЗАЛИЯ"" (дерево/ белый/M) (FD 850) 1,20*2,00",137400,да
0243090200,"Кровать кованая ""ГРАЦИЯ"" (дерево/ белый/L) (FD 881) 0,90*2,00",142900,да
0243120200,"Кровать кованая ""ГРАЦИЯ"" (дерево/ белый/L) (FD 881) 1,20*2,00",148400,да
0244090200,"Кровать кованая ""ГРАЦИЯ"" (дерево/орех/L) (FD 881) 0,90*2,00",142900,да
0244120200,"Кровать кованая ""ГРАЦИЯ"" (дерево/орех/L) (FD 881) 1,20*2,00",148400,да
0250180200,"Матрас ""OPTIMA COMFORT"" (model 666) 1,80*2,00",130500,да
0250160200,"Матрас ""OPTIMA COMFORT"" (model 666) 1,60*2,00",119700,да
0252140200,"Матрас ортопедический ""БАМБУК ЛЮКС"" (жесткий/жесткий) (Bianco 2) 1,40*2,00",161200,да
0252120200,"Матрас ортопедический ""БАМБУК ЛЮКС"" (жесткий/жесткий) (Bianco 2) 1,20*2,00",144000,да
0252160200,"Матрас ортопедический ""БАМБУК ЛЮКС"" (жесткий/жесткий) (Bianco 2) 1,60*2,00",177600,да
0253090200,"Матрас ортопедический ""ДЕТСКИЙ МОНО (МЯЧИК)"" 0,90*2,00",91800,да
0253090190,"Матрас ортопедический ""ДЕТСКИЙ МОНО (МЯЧИК)"" 0,90*1,90",91800,да
0254090200,"Матрас ортопедический ""ДЕТСКИЙ МОНО (ЛЮБЛЮ ТЕБЯ)"" 0,90*2,00",89800,да
0254090190,"Матрас ортопедический ""ДЕТСКИЙ МОНО (ЛЮБЛЮ ТЕБЯ)"" 0,90*1,90",89800,да
0260090200,"Матрас ортопедический ""Lantan"" СМ 0,90*2,00",140400,да
0260140200,"Матрас ортопедический ""Lantan"" СМ 1,40*2,00",189000,да
0264120200,"Матрас анатомический ""МАРИО"" 1,20*2,00",77400,да
0265090200,"Матрас анатомический ""Circle"" 0,90*2,00",100400,да
0267180200,"Матрас ортопедический ""BLACK ROSE Ж/М"" (черный) 1,80*2,00",251400,да
0267160200,"Матрас ортопедический ""BLACK ROSE Ж/М"" (черный) 1,60*2,00",231000,да
0268180200,"Матрас ортопедический ""BLACK ROSE МОНО"" (серый) 1,80*2,00",208400,да
0268160200,"Матрас ортопедический ""BLACK ROSE МОНО"" (серый) 1,60*2,00",192100,да
0270200200,"Матрас ортопедический ""АВАЛОН ПРЕМИУМ"" (ТИТАН) 2,00*2,00",355500,да
0271180200,"Матрас ортопедический ""ТИТАН ПРЕМИУМ"" 1,80*2,00",271600,да
0271160200,"Матрас ортопедический ""ТИТАН ПРЕМИУМ"" 1,60*2,00",250900,да
0273180200,"Матрас ортопедический ""КАРБОН PLUS ПРЕМИУМ"" 1,80*2,00",314200,да
0277180200,"Матрас ортопедический ""КОРОНА ЛЮКС"" (PRINCE) 1,80*2,00",229500,да
0277160200,"Матрас ортопедический ""КОРОНА ЛЮКС"" (PRINCE) 1,60*2,00",212100,да
0279200200,"Матрас ортопедический ""КОРОНА"" (PRINCE) (жесткий) 2,00*2,00",259500,да
0279180200,"Матрас ортопедический ""КОРОНА"" (PRINCE) (жесткий) 1,80*2,00",239100,да
0279160200,"Матрас ортопедический ""КОРОНА"" (PRINCE) (жесткий) 1,60*2,00",221000,да
0280200200,"Матрас ортопедический ""СУЛТАН ПРЕМИУМ"" 2,00*2,00",350500,да
0280180200,"Матрас ортопедический ""СУЛТАН ПРЕМИУМ"" 1,80*2,00",322000,да
0280160200,"Матрас ортопедический ""СУЛТАН ПРЕМИУМ"" 1,60*2,00",284800,да
0282120200,"Матрас ортопедический ""БАМБУК СТАНДАРТ"" (Bianco 1) 1,20*2,00",124300,да
0282090190,"Матрас ортопедический ""БАМБУК СТАНДАРТ"" (Bianco 1) 0,90*1,90",105300,да
0282160200,"Матрас ортопедический ""БАМБУК СТАНДАРТ"" (Bianco 1) 1,60*2,00",151200,да
0282090200,"Матрас ортопедический ""БАМБУК СТАНДАРТ"" (Bianco 1) 0,90*2,00",105300,да
0282140200,"Матрас ортопедический ""БАМБУК СТАНДАРТ"" (Bianco 1) 1,40*2,00",138100,да
0284090200,"Матрас ортопедический ""МУЛЬТИ ДЕ ЛЮКС"" (средне-жесткий/средне-мягкий) (Bianco multi -2) 0,90*2,00",144900,да
0284160200,"Матрас ортопедический ""МУЛЬТИ ДЕ ЛЮКС"" (средне-жесткий/средне-мягкий) (Bianco multi -2) 1,60*2,00",218700,да
0288090200,"Матрас ортопедический ""НАДЁЖНЫЙ ЛЮКС PRO"" (cредне-жесткий/cредне-мягкий) 0,90*2,00",127200,да
0288140200,"Матрас ортопедический ""НАДЁЖНЫЙ ЛЮКС PRO"" (cредне-жесткий/cредне-мягкий) 1,40*2,00",171500,да
0288120200,"Матрас ортопедический ""НАДЁЖНЫЙ ЛЮКС PRO"" (cредне-жесткий/cредне-мягкий) 1,20*2,00",153000,да
0288160200,"Матрас ортопедический ""НАДЁЖНЫЙ ЛЮКС PRO"" (cредне-жесткий/cредне-мягкий) 1,60*2,00",189200,да
0289090200,"Матрас ортопедический ""НАДЁЖНЫЙ ЛЮКС PRO"" (средне-жесткий/жесткий) 0,90*2,00",141800,да
0289140200,"Матрас ортопедический ""НАДЁЖНЫЙ ЛЮКС PRO"" (средне-жесткий/жесткий) 1,40*2,00",170700,да
0289120200,"Матрас ортопедический ""НАДЁЖНЫЙ ЛЮКС PRO"" (средне-жесткий/жесткий) 1,20*2,00",152200,да
0289160200,"Матрас ортопедический ""НАДЁЖНЫЙ ЛЮКС PRO"" (средне-жесткий/жесткий) 1,60*2,00",188400,да
0291180200,"Матрас ортопедический ""НАДЁЖНЫЙ МОНО"" (средне-жесткий ) 1,80*2,00",170900,да
0292160200,"Матрас ортопедический ""НАНОТЕКС МОНО"" (средне-жесткий) 1,60*2,00",163300,да
0292090200,"Матрас ортопедический ""НАНОТЕКС МОНО"" (средне-жесткий) 0,90*2,00",112600,да
0292180200,"Матрас ортопедический ""НАНОТЕКС МОНО"" (средне-жесткий) 1,80*2,00",177100,да
0292140200,"Матрас ортопедический ""НАНОТЕКС МОНО"" (средне-жесткий) 1,40*2,00",148700,да
0292120200,"Матрас ортопедический ""НАНОТЕКС МОНО"" (средне-жесткий) 1,20*2,00",133300,да
0293180200,"Матрас ортопедический ""НАНОТЕКС МОНО"" (средне-мягкий) латекс 1,80*2,00",195600,да
0293140200,"Матрас ортопедический ""НАНОТЕКС МОНО"" (средне-мягкий) латекс 1,40*2,00",163000,да
0293120200,"Матрас ортопедический ""НАНОТЕКС МОНО"" (средне-мягкий) латекс 1,20*2,00",146000,да
0293160200,"Матрас ортопедический ""НАНОТЕКС МОНО"" (средне-мягкий) латекс 1,60*2,00",179100,да
0299180200,"Матрас ортопедический ""ОРГАНИК EVS 500"" (средне-жесткий ) 1,80*2,00",164300,да
0299140200,"Матрас ортопедический ""ОРГАНИК EVS 500"" (средне-жесткий ) 1,40*2,00",138100,да
0299120200,"Матрас ортопедический ""ОРГАНИК EVS 500"" (средне-жесткий ) 1,20*2,00",124200,да
0299090190,"Матрас ортопедический ""ОРГАНИК EVS 500"" (средне-жесткий ) 0,90*1,90",105300,да
0299160200,"Матрас ортопедический ""ОРГАНИК EVS 500"" (средне-жесткий ) 1,60*2,00",151200,да
0300090200,"Матрас ортопедический ""ОРГАНИК ДЕ ЛЮКС МОНО"" (средне-жесткий) ( Organic) 0,90*2,00",115600,да
0300180200,"Матрас ортопедический ""ОРГАНИК ДЕ ЛЮКС МОНО"" (средне-жесткий) ( Organic) 1,80*2,00",185100,да
0300140200,"Матрас ортопедический ""ОРГАНИК ДЕ ЛЮКС МОНО"" (средне-жесткий) ( Organic) 1,40*2,00",154000,да
0300120200,"Матрас ортопедический ""ОРГАНИК ДЕ ЛЮКС МОНО"" (средне-жесткий) ( Organic) 1,20*2,00",137500,да
0300160200,"Матрас ортопедический ""ОРГАНИК ДЕ ЛЮКС МОНО"" (средне-жесткий) ( Organic) 1,60*2,00",169400,да
0301090200,"Матрас ортопедический ""ОРГАНИК ДЕ ЛЮКС"" (средне-мягкий/мягкий) 0,90*2,00",132100,да
0301180200,"Матрас ортопедический ""ОРГАНИК ДЕ ЛЮКС"" (средне-мягкий/мягкий) 1,80*2,00",218600,да
0301140200,"Матрас ортопедический ""ОРГАНИК ДЕ ЛЮКС"" (средне-мягкий/мягкий) 1,40*2,00",180300,да
0301120200,"Матрас ортопедический ""ОРГАНИК ДЕ ЛЮКС"" (средне-мягкий/мягкий) 1,20*2,00",160400,да
0301160200,"Матрас ортопедический ""ОРГАНИК ДЕ ЛЮКС"" (средне-мягкий/мягкий) 1,60*2,00",199600,да
0314090200,"Матрац пружинный, модель P333 0,90*2,00",83700,да
0314120200,"Матрац пружинный, модель P333 1,20*2,00",101200,да
0317180200,"Матрас анатомический ""Fiesta"" (F2023026) 1,80*2,00",135700,да
0317160200,"Матрас анатомический ""Fiesta"" (F2023026) 1,60*2,00",125100,да
0318180200,"Матрас анатомический ""Foster"" (F2023027) 1,80*2,00",153200,да
0319200200,"Матрас анатомический ""ПАРАДОКС ЛЮКС"" 2,00*2,00",286700,да
0319180200,"Матрас анатомический ""ПАРАДОКС ЛЮКС"" 1,80*2,00",262400,да
